Month,Year,TOTAL,ANOM,Date,TOTAL,ANOM
1,1950,24.72,-1.53,01.01.1950,24.72,-1.53
2,1950,25.17,-1.34,01.02.1950,25.17,-1.34
3,1950,25.75,-1.16,01.03.1950,25.75,-1.16
4,1950,26.12,-1.18,01.04.1950,26.12,-1.18
5,1950,26.32,-1.07,01.05.1950,26.32,-1.07
6,1950,26.31,-0.85,01.06.1950,26.31,-0.85
7,1950,26.21,-0.54,01.07.1950,26.21,-0.54
8,1950,25.96,-0.42,01.08.1950,25.96,-0.42
9,1950,25.76,-0.39,01.09.1950,25.76,-0.39
10,1950,25.63,-0.44,01.10.1950,25.63,-0.44
11,1950,25.48,-0.6,01.11.1950,25.48,-0.6
12,1950,25.34,-0.8,01.12.1950,25.34,-0.8
1,1951,25.42,-0.82,01.01.1951,25.42,-0.82
2,1951,25.96,-0.54,01.02.1951,25.96,-0.54
3,1951,26.74,-0.17,01.03.1951,26.74,-0.17
4,1951,27.48,0.18,01.04.1951,27.48,0.18
5,1951,27.75,0.36,01.05.1951,27.75,0.36
6,1951,27.75,0.58,01.06.1951,27.75,0.58
7,1951,27.44,0.7,01.07.1951,27.44,0.7
8,1951,27.28,0.89,01.08.1951,27.28,0.89
9,1951,27.14,0.99,01.09.1951,27.14,0.99
10,1951,27.22,1.15,01.10.1951,27.22,1.15
11,1951,27.12,1.04,01.11.1951,27.12,1.04
12,1951,26.95,0.81,01.12.1951,26.95,0.81
1,1952,26.78,0.53,01.01.1952,26.78,0.53
2,1952,26.87,0.37,01.02.1952,26.87,0.37
3,1952,27.25,0.34,01.03.1952,27.25,0.34
4,1952,27.6,0.29,01.04.1952,27.6,0.29
5,1952,27.59,0.2,01.05.1952,27.59,0.2
6,1952,27.17,0,01.06.1952,27.17,0
7,1952,26.67,-0.08,01.07.1952,26.67,-0.08
8,1952,26.39,0,01.08.1952,26.39,0
9,1952,26.3,0.15,01.09.1952,26.3,0.15
10,1952,26.17,0.1,01.10.1952,26.17,0.1
11,1952,26.13,0.04,01.11.1952,26.13,0.04
12,1952,26.29,0.15,01.12.1952,26.29,0.15
1,1953,26.65,0.4,01.01.1953,26.65,0.4
2,1953,27.1,0.6,01.02.1953,27.1,0.6
3,1953,27.53,0.63,01.03.1953,27.53,0.63
4,1953,27.96,0.66,01.04.1953,27.96,0.66
5,1953,28.14,0.75,01.05.1953,28.14,0.75
6,1953,27.94,0.77,01.06.1953,27.94,0.77
7,1953,27.49,0.75,01.07.1953,27.49,0.75
8,1953,27.12,0.73,01.08.1953,27.12,0.73
9,1953,26.93,0.78,01.09.1953,26.93,0.78
10,1953,26.91,0.84,01.10.1953,26.91,0.84
11,1953,26.92,0.84,01.11.1953,26.92,0.84
12,1953,26.95,0.81,01.12.1953,26.95,0.81
1,1954,27,0.76,01.01.1954,27,0.76
2,1954,26.97,0.47,01.02.1954,26.97,0.47
3,1954,26.86,-0.05,01.03.1954,26.86,-0.05
4,1954,26.89,-0.41,01.04.1954,26.89,-0.41
5,1954,26.85,-0.54,01.05.1954,26.85,-0.54
6,1954,26.67,-0.5,01.06.1954,26.67,-0.5
7,1954,26.1,-0.64,01.07.1954,26.1,-0.64
8,1954,25.54,-0.84,01.08.1954,25.54,-0.84
9,1954,25.25,-0.9,01.09.1954,25.25,-0.9
10,1954,25.3,-0.77,01.10.1954,25.3,-0.77
11,1954,25.35,-0.73,01.11.1954,25.35,-0.73
12,1954,25.48,-0.66,01.12.1954,25.48,-0.66
1,1955,25.57,-0.68,01.01.1955,25.57,-0.68
2,1955,25.89,-0.62,01.02.1955,25.89,-0.62
3,1955,26.22,-0.69,01.03.1955,26.22,-0.69
4,1955,26.5,-0.8,01.04.1955,26.5,-0.8
5,1955,26.6,-0.79,01.05.1955,26.6,-0.79
6,1955,26.45,-0.72,01.06.1955,26.45,-0.72
7,1955,26.06,-0.68,01.07.1955,26.06,-0.68
8,1955,25.64,-0.75,01.08.1955,25.64,-0.75
9,1955,25.06,-1.09,01.09.1955,25.06,-1.09
10,1955,24.65,-1.42,01.10.1955,24.65,-1.42
11,1955,24.41,-1.67,01.11.1955,24.41,-1.67
12,1955,24.72,-1.47,01.12.1955,24.72,-1.47
1,1956,25.23,-1.11,01.01.1956,25.23,-1.11
2,1956,25.86,-0.76,01.02.1956,25.86,-0.76
3,1956,26.37,-0.63,01.03.1956,26.37,-0.63
4,1956,26.82,-0.54,01.04.1956,26.82,-0.54
5,1956,26.93,-0.52,01.05.1956,26.93,-0.52
6,1956,26.72,-0.51,01.06.1956,26.72,-0.51
7,1956,26.23,-0.57,01.07.1956,26.23,-0.57
8,1956,25.87,-0.55,01.08.1956,25.87,-0.55
9,1956,25.71,-0.46,01.09.1956,25.71,-0.46
10,1956,25.67,-0.42,01.10.1956,25.67,-0.42
11,1956,25.67,-0.43,01.11.1956,25.67,-0.43
12,1956,25.77,-0.43,01.12.1956,25.77,-0.43
1,1957,26.09,-0.25,01.01.1957,26.09,-0.25
2,1957,26.68,0.06,01.02.1957,26.68,0.06
3,1957,27.41,0.41,01.03.1957,27.41,0.41
4,1957,28.08,0.72,01.04.1957,28.08,0.72
5,1957,28.37,0.92,01.05.1957,28.37,0.92
6,1957,28.34,1.11,01.06.1957,28.34,1.11
7,1957,28.06,1.25,01.07.1957,28.06,1.25
8,1957,27.75,1.32,01.08.1957,27.75,1.32
9,1957,27.5,1.33,01.09.1957,27.5,1.33
10,1957,27.48,1.39,01.10.1957,27.48,1.39
11,1957,27.64,1.53,01.11.1957,27.64,1.53
12,1957,27.94,1.74,01.12.1957,27.94,1.74
1,1958,28.15,1.81,01.01.1958,28.15,1.81
2,1958,28.27,1.66,01.02.1958,28.27,1.66
3,1958,28.26,1.27,01.03.1958,28.26,1.27
4,1958,28.28,0.93,01.04.1958,28.28,0.93
5,1958,28.19,0.74,01.05.1958,28.19,0.74
6,1958,27.87,0.64,01.06.1958,27.87,0.64
7,1958,27.38,0.57,01.07.1958,27.38,0.57
8,1958,26.85,0.43,01.08.1958,26.85,0.43
9,1958,26.56,0.39,01.09.1958,26.56,0.39
10,1958,26.53,0.44,01.10.1958,26.53,0.44
11,1958,26.6,0.5,01.11.1958,26.6,0.5
12,1958,26.81,0.61,01.12.1958,26.81,0.61
1,1959,26.95,0.61,01.01.1959,26.95,0.61
2,1959,27.24,0.62,01.02.1959,27.24,0.62
3,1959,27.51,0.52,01.03.1959,27.51,0.52
4,1959,27.68,0.33,01.04.1959,27.68,0.33
5,1959,27.65,0.2,01.05.1959,27.65,0.2
6,1959,27.16,-0.07,01.06.1959,27.16,-0.07
7,1959,26.63,-0.18,01.07.1959,26.63,-0.18
8,1959,26.15,-0.28,01.08.1959,26.15,-0.28
9,1959,26.08,-0.09,01.09.1959,26.08,-0.09
10,1959,26.07,-0.03,01.10.1959,26.07,-0.03
11,1959,26.15,0.05,01.11.1959,26.15,0.05
12,1959,26.16,-0.04,01.12.1959,26.16,-0.04
1,1960,26.24,-0.1,01.01.1960,26.24,-0.1
2,1960,26.51,-0.1,01.02.1960,26.51,-0.1
3,1960,26.92,-0.07,01.03.1960,26.92,-0.07
4,1960,27.39,0.03,01.04.1960,27.39,0.03
5,1960,27.47,0.02,01.05.1960,27.47,0.02
6,1960,27.26,0.03,01.06.1960,27.26,0.03
7,1960,26.93,0.13,01.07.1960,26.93,0.13
8,1960,26.66,0.24,01.08.1960,26.66,0.24
9,1960,26.44,0.27,01.09.1960,26.44,0.27
10,1960,26.3,0.2,01.10.1960,26.3,0.2
11,1960,26.23,0.12,01.11.1960,26.23,0.12
12,1960,26.23,0.05,01.12.1960,26.23,0.05
1,1961,26.34,0.04,01.01.1961,26.34,0.04
2,1961,26.58,0.03,01.02.1961,26.58,0.03
3,1961,26.96,0.04,01.03.1961,26.96,0.04
4,1961,27.35,0.09,01.04.1961,27.35,0.09
5,1961,27.59,0.23,01.05.1961,27.59,0.23
6,1961,27.42,0.27,01.06.1961,27.42,0.27
7,1961,26.9,0.14,01.07.1961,26.9,0.14
8,1961,26.27,-0.13,01.08.1961,26.27,-0.13
9,1961,25.89,-0.3,01.09.1961,25.89,-0.3
10,1961,25.85,-0.26,01.10.1961,25.85,-0.26
11,1961,25.91,-0.19,01.11.1961,25.91,-0.19
12,1961,26,-0.16,01.12.1961,26,-0.16
1,1962,26.05,-0.24,01.01.1962,26.05,-0.24
2,1962,26.32,-0.22,01.02.1962,26.32,-0.22
3,1962,26.71,-0.2,01.03.1962,26.71,-0.2
4,1962,27,-0.26,01.04.1962,27,-0.26
5,1962,27.09,-0.28,01.05.1962,27.09,-0.28
6,1962,26.96,-0.2,01.06.1962,26.96,-0.2
7,1962,26.72,-0.04,01.07.1962,26.72,-0.04
8,1962,26.34,-0.07,01.08.1962,26.34,-0.07
9,1962,26.07,-0.11,01.09.1962,26.07,-0.11
10,1962,25.88,-0.22,01.10.1962,25.88,-0.22
11,1962,25.79,-0.31,01.11.1962,25.79,-0.31
12,1962,25.73,-0.43,01.12.1962,25.73,-0.43
1,1963,25.89,-0.4,01.01.1963,25.89,-0.4
2,1963,26.39,-0.15,01.02.1963,26.39,-0.15
3,1963,27.07,0.15,01.03.1963,27.07,0.15
4,1963,27.53,0.27,01.04.1963,27.53,0.27
5,1963,27.68,0.31,01.05.1963,27.68,0.31
6,1963,27.67,0.52,01.06.1963,27.67,0.52
7,1963,27.62,0.86,01.07.1963,27.62,0.86
8,1963,27.54,1.14,01.08.1963,27.54,1.14
9,1963,27.4,1.22,01.09.1963,27.4,1.22
10,1963,27.4,1.29,01.10.1963,27.4,1.29
11,1963,27.47,1.37,01.11.1963,27.47,1.37
12,1963,27.47,1.31,01.12.1963,27.47,1.31
1,1964,27.36,1.07,01.01.1964,27.36,1.07
2,1964,27.16,0.62,01.02.1964,27.16,0.62
3,1964,27.03,0.12,01.03.1964,27.03,0.12
4,1964,26.93,-0.33,01.04.1964,26.93,-0.33
5,1964,26.78,-0.58,01.05.1964,26.78,-0.58
6,1964,26.57,-0.58,01.06.1964,26.57,-0.58
7,1964,26.16,-0.6,01.07.1964,26.16,-0.6
8,1964,25.74,-0.66,01.08.1964,25.74,-0.66
9,1964,25.42,-0.76,01.09.1964,25.42,-0.76
10,1964,25.31,-0.8,01.10.1964,25.31,-0.8
11,1964,25.28,-0.82,01.11.1964,25.28,-0.82
12,1964,25.38,-0.78,01.12.1964,25.38,-0.78
1,1965,25.69,-0.59,01.01.1965,25.69,-0.59
2,1965,26.27,-0.28,01.02.1965,26.27,-0.28
3,1965,26.85,-0.07,01.03.1965,26.85,-0.07
4,1965,27.44,0.18,01.04.1965,27.44,0.18
5,1965,27.82,0.46,01.05.1965,27.82,0.46
6,1965,27.99,0.83,01.06.1965,27.99,0.83
7,1965,27.98,1.22,01.07.1965,27.98,1.22
8,1965,27.95,1.54,01.08.1965,27.95,1.54
9,1965,28.04,1.85,01.09.1965,28.04,1.85
10,1965,28.09,1.98,01.10.1965,28.09,1.98
11,1965,28.07,1.97,01.11.1965,28.07,1.97
12,1965,27.91,1.72,01.12.1965,27.91,1.72
1,1966,27.72,1.37,01.01.1966,27.72,1.37
2,1966,27.81,1.17,01.02.1966,27.81,1.17
3,1966,27.98,0.98,01.03.1966,27.98,0.98
4,1966,27.97,0.66,01.04.1966,27.97,0.66
5,1966,27.78,0.35,01.05.1966,27.78,0.35
6,1966,27.5,0.24,01.06.1966,27.5,0.24
7,1966,27.14,0.24,01.07.1966,27.14,0.24
8,1966,26.69,0.12,01.08.1966,26.69,0.12
9,1966,26.32,-0.05,01.09.1966,26.32,-0.05
10,1966,26.24,-0.1,01.10.1966,26.24,-0.1
11,1966,26.16,-0.18,01.11.1966,26.16,-0.18
12,1966,26.04,-0.3,01.12.1966,26.04,-0.3
1,1967,26.01,-0.41,01.01.1967,26.01,-0.41
2,1967,26.17,-0.48,01.02.1967,26.17,-0.48
3,1967,26.46,-0.53,01.03.1967,26.46,-0.53
4,1967,26.87,-0.45,01.04.1967,26.87,-0.45
5,1967,27.19,-0.24,01.05.1967,27.19,-0.24
6,1967,27.26,0,01.06.1967,27.26,0
7,1967,26.95,0.05,01.07.1967,26.95,0.05
8,1967,26.41,-0.16,01.08.1967,26.41,-0.16
9,1967,26.08,-0.3,01.09.1967,26.08,-0.3
10,1967,25.96,-0.38,01.10.1967,25.96,-0.38
11,1967,26,-0.34,01.11.1967,26,-0.34
12,1967,25.9,-0.44,01.12.1967,25.9,-0.44
1,1968,25.78,-0.64,01.01.1968,25.78,-0.64
2,1968,25.91,-0.74,01.02.1968,25.91,-0.74
3,1968,26.38,-0.62,01.03.1968,26.38,-0.62
4,1968,26.88,-0.44,01.04.1968,26.88,-0.44
5,1968,27.39,-0.04,01.05.1968,27.39,-0.04
6,1968,27.54,0.28,01.06.1968,27.54,0.28
7,1968,27.48,0.58,01.07.1968,27.48,0.58
8,1968,27.1,0.53,01.08.1968,27.1,0.53
9,1968,26.82,0.45,01.09.1968,26.82,0.45
10,1968,26.89,0.55,01.10.1968,26.89,0.55
11,1968,27.07,0.73,01.11.1968,27.07,0.73
12,1968,27.32,0.98,01.12.1968,27.32,0.98
1,1969,27.54,1.13,01.01.1969,27.54,1.13
2,1969,27.73,1.09,01.02.1969,27.73,1.09
3,1969,27.94,0.95,01.03.1969,27.94,0.95
4,1969,28.09,0.77,01.04.1969,28.09,0.77
5,1969,28.04,0.61,01.05.1969,28.04,0.61
6,1969,27.69,0.43,01.06.1969,27.69,0.43
7,1969,27.26,0.36,01.07.1969,27.26,0.36
8,1969,27.08,0.51,01.08.1969,27.08,0.51
9,1969,27.17,0.79,01.09.1969,27.17,0.79
10,1969,27.2,0.86,01.10.1969,27.2,0.86
11,1969,27.14,0.81,01.11.1969,27.14,0.81
12,1969,26.98,0.63,01.12.1969,26.98,0.63
1,1970,26.93,0.51,01.01.1970,26.93,0.51
2,1970,26.98,0.34,01.02.1970,26.98,0.34
3,1970,27.29,0.29,01.03.1970,27.29,0.29
4,1970,27.51,0.19,01.04.1970,27.51,0.19
5,1970,27.47,0.04,01.05.1970,27.47,0.04
6,1970,26.96,-0.3,01.06.1970,26.96,-0.3
7,1970,26.28,-0.63,01.07.1970,26.28,-0.63
8,1970,25.81,-0.76,01.08.1970,25.81,-0.76
9,1970,25.61,-0.77,01.09.1970,25.61,-0.77
10,1970,25.6,-0.74,01.10.1970,25.6,-0.74
11,1970,25.48,-0.86,01.11.1970,25.48,-0.86
12,1970,25.22,-1.15,01.12.1970,25.22,-1.15
1,1971,25.1,-1.36,01.01.1971,25.1,-1.36
2,1971,25.32,-1.38,01.02.1971,25.32,-1.38
3,1971,25.92,-1.12,01.03.1971,25.92,-1.12
4,1971,26.51,-0.85,01.04.1971,26.51,-0.85
5,1971,26.73,-0.73,01.05.1971,26.73,-0.73
6,1971,26.56,-0.74,01.06.1971,26.56,-0.74
7,1971,26.15,-0.8,01.07.1971,26.15,-0.8
8,1971,25.86,-0.77,01.08.1971,25.86,-0.77
9,1971,25.64,-0.82,01.09.1971,25.64,-0.82
10,1971,25.58,-0.85,01.10.1971,25.58,-0.85
11,1971,25.46,-0.96,01.11.1971,25.46,-0.96
12,1971,25.52,-0.9,01.12.1971,25.52,-0.9
1,1972,25.77,-0.71,01.01.1972,25.77,-0.71
2,1972,26.35,-0.35,01.02.1972,26.35,-0.35
3,1972,27.1,0.06,01.03.1972,27.1,0.06
4,1972,27.77,0.41,01.04.1972,27.77,0.41
5,1972,28.13,0.67,01.05.1972,28.13,0.67
6,1972,28.21,0.92,01.06.1972,28.21,0.92
7,1972,28.09,1.13,01.07.1972,28.09,1.13
8,1972,28,1.37,01.08.1972,28,1.37
9,1972,28.04,1.58,01.09.1972,28.04,1.58
10,1972,28.26,1.84,01.10.1972,28.26,1.84
11,1972,28.51,2.09,01.11.1972,28.51,2.09
12,1972,28.54,2.12,01.12.1972,28.54,2.12
1,1973,28.32,1.84,01.01.1973,28.32,1.84
2,1973,27.95,1.25,01.02.1973,27.95,1.25
3,1973,27.59,0.54,01.03.1973,27.59,0.54
4,1973,27.26,-0.1,01.04.1973,27.26,-0.1
5,1973,26.92,-0.54,01.05.1973,26.92,-0.54
6,1973,26.42,-0.87,01.06.1973,26.42,-0.87
7,1973,25.84,-1.11,01.07.1973,25.84,-1.11
8,1973,25.35,-1.28,01.08.1973,25.35,-1.28
9,1973,25.01,-1.45,01.09.1973,25.01,-1.45
10,1973,24.71,-1.71,01.10.1973,24.71,-1.71
11,1973,24.47,-1.95,01.11.1973,24.47,-1.95
12,1973,24.38,-2.03,01.12.1973,24.38,-2.03
1,1974,24.64,-1.84,01.01.1974,24.64,-1.84
2,1974,25.14,-1.55,01.02.1974,25.14,-1.55
3,1974,25.82,-1.23,01.03.1974,25.82,-1.23
4,1974,26.33,-1.03,01.04.1974,26.33,-1.03
5,1974,26.55,-0.91,01.05.1974,26.55,-0.91
6,1974,26.52,-0.77,01.06.1974,26.52,-0.77
7,1974,26.42,-0.53,01.07.1974,26.42,-0.53
8,1974,26.26,-0.37,01.08.1974,26.26,-0.37
9,1974,26.06,-0.41,01.09.1974,26.06,-0.41
10,1974,25.82,-0.61,01.10.1974,25.82,-0.61
11,1974,25.67,-0.75,01.11.1974,25.67,-0.75
12,1974,25.78,-0.64,01.12.1974,25.78,-0.64
1,1975,25.94,-0.54,01.01.1975,25.94,-0.54
2,1975,26.13,-0.57,01.02.1975,26.13,-0.57
3,1975,26.39,-0.65,01.03.1975,26.39,-0.65
4,1975,26.63,-0.73,01.04.1975,26.63,-0.73
5,1975,26.64,-0.83,01.05.1975,26.64,-0.83
6,1975,26.31,-0.98,01.06.1975,26.31,-0.98
7,1975,25.82,-1.13,01.07.1975,25.82,-1.13
8,1975,25.43,-1.2,01.08.1975,25.43,-1.2
9,1975,25.09,-1.37,01.09.1975,25.09,-1.37
10,1975,25,-1.43,01.10.1975,25,-1.43
11,1975,24.87,-1.55,01.11.1975,24.87,-1.55
12,1975,24.75,-1.65,01.12.1975,24.75,-1.65
1,1976,24.9,-1.56,01.01.1976,24.9,-1.56
2,1976,25.5,-1.17,01.02.1976,25.5,-1.17
3,1976,26.28,-0.73,01.03.1976,26.28,-0.73
4,1976,26.85,-0.47,01.04.1976,26.85,-0.47
5,1976,27.15,-0.28,01.05.1976,27.15,-0.28
6,1976,27.22,-0.05,01.06.1976,27.22,-0.05
7,1976,27.15,0.18,01.07.1976,27.15,0.18
8,1976,27.04,0.35,01.08.1976,27.04,0.35
9,1976,27.15,0.62,01.09.1976,27.15,0.62
10,1976,27.29,0.81,01.10.1976,27.29,0.81
11,1976,27.32,0.86,01.11.1976,27.32,0.86
12,1976,27.27,0.85,01.12.1976,27.27,0.85
1,1977,27.18,0.71,01.01.1977,27.18,0.71
2,1977,27.31,0.64,01.02.1977,27.31,0.64
3,1977,27.35,0.34,01.03.1977,27.35,0.34
4,1977,27.55,0.23,01.04.1977,27.55,0.23
5,1977,27.64,0.21,01.05.1977,27.64,0.21
6,1977,27.61,0.34,01.06.1977,27.61,0.34
7,1977,27.32,0.35,01.07.1977,27.32,0.35
8,1977,27.11,0.42,01.08.1977,27.11,0.42
9,1977,27.1,0.57,01.09.1977,27.1,0.57
10,1977,27.21,0.73,01.10.1977,27.21,0.73
11,1977,27.27,0.81,01.11.1977,27.27,0.81
12,1977,27.21,0.79,01.12.1977,27.21,0.79
1,1978,27.15,0.69,01.01.1978,27.15,0.69
2,1978,27.09,0.42,01.02.1978,27.09,0.42
3,1978,27.08,0.06,01.03.1978,27.08,0.06
4,1978,27.14,-0.18,01.04.1978,27.14,-0.18
5,1978,27.11,-0.31,01.05.1978,27.11,-0.31
6,1978,26.98,-0.29,01.06.1978,26.98,-0.29
7,1978,26.61,-0.36,01.07.1978,26.61,-0.36
8,1978,26.27,-0.42,01.08.1978,26.27,-0.42
9,1978,26.11,-0.42,01.09.1978,26.11,-0.42
10,1978,26.19,-0.29,01.10.1978,26.19,-0.29
11,1978,26.37,-0.08,01.11.1978,26.37,-0.08
12,1978,26.43,0,01.12.1978,26.43,0
1,1979,26.5,0.03,01.01.1979,26.5,0.03
2,1979,26.75,0.07,01.02.1979,26.75,0.07
3,1979,27.22,0.2,01.03.1979,27.22,0.2
4,1979,27.6,0.28,01.04.1979,27.6,0.28
5,1979,27.66,0.23,01.05.1979,27.66,0.23
6,1979,27.32,0.05,01.06.1979,27.32,0.05
7,1979,27,0.04,01.07.1979,27,0.04
8,1979,26.86,0.17,01.08.1979,26.86,0.17
9,1979,26.86,0.33,01.09.1979,26.86,0.33
10,1979,26.94,0.45,01.10.1979,26.94,0.45
11,1979,26.98,0.52,01.11.1979,26.98,0.52
12,1979,27.06,0.64,01.12.1979,27.06,0.64
1,1980,27.06,0.59,01.01.1980,27.06,0.59
2,1980,27.13,0.46,01.02.1980,27.13,0.46
3,1980,27.35,0.34,01.03.1980,27.35,0.34
4,1980,27.7,0.38,01.04.1980,27.7,0.38
5,1980,27.9,0.48,01.05.1980,27.9,0.48
6,1980,27.73,0.46,01.06.1980,27.73,0.46
7,1980,27.22,0.25,01.07.1980,27.22,0.25
8,1980,26.72,0.03,01.08.1980,26.72,0.03
9,1980,26.46,-0.07,01.09.1980,26.46,-0.07
10,1980,26.5,0.02,01.10.1980,26.5,0.02
11,1980,26.57,0.11,01.11.1980,26.57,0.11
12,1980,26.48,-0.01,01.12.1980,26.48,-0.01
1,1981,26.32,-0.26,01.01.1981,26.32,-0.26
2,1981,26.32,-0.5,01.02.1981,26.32,-0.5
3,1981,26.69,-0.47,01.03.1981,26.69,-0.47
4,1981,27.11,-0.37,01.04.1981,27.11,-0.37
5,1981,27.31,-0.26,01.05.1981,27.31,-0.26
6,1981,27.09,-0.29,01.06.1981,27.09,-0.29
7,1981,26.75,-0.3,01.07.1981,26.75,-0.3
8,1981,26.5,-0.25,01.08.1981,26.5,-0.25
9,1981,26.42,-0.16,01.09.1981,26.42,-0.16
10,1981,26.41,-0.13,01.10.1981,26.41,-0.13
11,1981,26.37,-0.15,01.11.1981,26.37,-0.15
12,1981,26.46,-0.08,01.12.1981,26.46,-0.08
1,1982,26.56,-0.05,01.01.1982,26.56,-0.05
2,1982,26.9,0.07,01.02.1982,26.9,0.07
3,1982,27.35,0.19,01.03.1982,27.35,0.19
4,1982,27.95,0.47,01.04.1982,27.95,0.47
5,1982,28.23,0.66,01.05.1982,28.23,0.66
6,1982,28.1,0.72,01.06.1982,28.1,0.72
7,1982,27.83,0.79,01.07.1982,27.83,0.79
8,1982,27.81,1.07,01.08.1982,27.81,1.07
9,1982,28.16,1.58,01.09.1982,28.16,1.58
10,1982,28.5,1.97,01.10.1982,28.5,1.97
11,1982,28.7,2.18,01.11.1982,28.7,2.18
12,1982,28.76,2.23,01.12.1982,28.76,2.23
1,1983,28.79,2.18,01.01.1983,28.79,2.18
2,1983,28.75,1.92,01.02.1983,28.75,1.92
3,1983,28.71,1.54,01.03.1983,28.71,1.54
4,1983,28.76,1.29,01.04.1983,28.76,1.29
5,1983,28.63,1.06,01.05.1983,28.63,1.06
6,1983,28.1,0.72,01.06.1983,28.1,0.72
7,1983,27.36,0.31,01.07.1983,27.36,0.31
8,1983,26.66,-0.08,01.08.1983,26.66,-0.08
9,1983,26.12,-0.46,01.09.1983,26.12,-0.46
10,1983,25.73,-0.81,01.10.1983,25.73,-0.81
11,1983,25.52,-1,01.11.1983,25.52,-1
12,1983,25.62,-0.91,01.12.1983,25.62,-0.91
1,1984,26.01,-0.6,01.01.1984,26.01,-0.6
2,1984,26.41,-0.42,01.02.1984,26.41,-0.42
3,1984,26.83,-0.34,01.03.1984,26.83,-0.34
4,1984,27.04,-0.43,01.04.1984,27.04,-0.43
5,1984,27.06,-0.51,01.05.1984,27.06,-0.51
6,1984,26.94,-0.45,01.06.1984,26.94,-0.45
7,1984,26.74,-0.3,01.07.1984,26.74,-0.3
8,1984,26.59,-0.16,01.08.1984,26.59,-0.16
9,1984,26.34,-0.24,01.09.1984,26.34,-0.24
10,1984,25.98,-0.56,01.10.1984,25.98,-0.56
11,1984,25.61,-0.92,01.11.1984,25.61,-0.92
12,1984,25.39,-1.14,01.12.1984,25.39,-1.14
1,1985,25.56,-1.04,01.01.1985,25.56,-1.04
2,1985,25.98,-0.85,01.02.1985,25.98,-0.85
3,1985,26.4,-0.77,01.03.1985,26.4,-0.77
4,1985,26.69,-0.78,01.04.1985,26.69,-0.78
5,1985,26.79,-0.78,01.05.1985,26.79,-0.78
6,1985,26.76,-0.63,01.06.1985,26.76,-0.63
7,1985,26.55,-0.49,01.07.1985,26.55,-0.49
8,1985,26.29,-0.46,01.08.1985,26.29,-0.46
9,1985,26.18,-0.4,01.09.1985,26.18,-0.4
10,1985,26.19,-0.35,01.10.1985,26.19,-0.35
11,1985,26.25,-0.27,01.11.1985,26.25,-0.27
12,1985,26.14,-0.36,01.12.1985,26.14,-0.36
1,1986,26.05,-0.49,01.01.1986,26.05,-0.49
2,1986,26.28,-0.47,01.02.1986,26.28,-0.47
3,1986,26.81,-0.31,01.03.1986,26.81,-0.31
4,1986,27.26,-0.2,01.04.1986,27.26,-0.2
5,1986,27.44,-0.12,01.05.1986,27.44,-0.12
6,1986,27.34,-0.04,01.06.1986,27.34,-0.04
7,1986,27.26,0.22,01.07.1986,27.26,0.22
8,1986,27.2,0.44,01.08.1986,27.2,0.44
9,1986,27.31,0.71,01.09.1986,27.31,0.71
10,1986,27.49,0.94,01.10.1986,27.49,0.94
11,1986,27.64,1.14,01.11.1986,27.64,1.14
12,1986,27.7,1.22,01.12.1986,27.7,1.22
1,1987,27.76,1.23,01.01.1987,27.76,1.23
2,1987,27.95,1.19,01.02.1987,27.95,1.19
3,1987,28.19,1.06,01.03.1987,28.19,1.06
4,1987,28.41,0.95,01.04.1987,28.41,0.95
5,1987,28.53,0.97,01.05.1987,28.53,0.97
6,1987,28.59,1.22,01.06.1987,28.59,1.22
7,1987,28.54,1.51,01.07.1987,28.54,1.51
8,1987,28.45,1.7,01.08.1987,28.45,1.7
9,1987,28.24,1.65,01.09.1987,28.24,1.65
10,1987,28.03,1.48,01.10.1987,28.03,1.48
11,1987,27.76,1.25,01.11.1987,27.76,1.25
12,1987,27.59,1.11,01.12.1987,27.59,1.11
1,1988,27.34,0.81,01.01.1988,27.34,0.81
2,1988,27.29,0.54,01.02.1988,27.29,0.54
3,1988,27.27,0.14,01.03.1988,27.27,0.14
4,1988,27.15,-0.31,01.04.1988,27.15,-0.31
5,1988,26.69,-0.88,01.05.1988,26.69,-0.88
6,1988,26.08,-1.3,01.06.1988,26.08,-1.3
7,1988,25.74,-1.3,01.07.1988,25.74,-1.3
8,1988,25.65,-1.11,01.08.1988,25.65,-1.11
9,1988,25.4,-1.19,01.09.1988,25.4,-1.19
10,1988,25.07,-1.48,01.10.1988,25.07,-1.48
11,1988,24.71,-1.8,01.11.1988,24.71,-1.8
12,1988,24.63,-1.85,01.12.1988,24.63,-1.85
1,1989,24.84,-1.69,01.01.1989,24.84,-1.69
2,1989,25.32,-1.43,01.02.1989,25.32,-1.43
3,1989,26.04,-1.08,01.03.1989,26.04,-1.08
4,1989,26.64,-0.83,01.04.1989,26.64,-0.83
5,1989,26.99,-0.58,01.05.1989,26.99,-0.58
6,1989,26.97,-0.4,01.06.1989,26.97,-0.4
7,1989,26.73,-0.31,01.07.1989,26.73,-0.31
8,1989,26.48,-0.27,01.08.1989,26.48,-0.27
9,1989,26.35,-0.24,01.09.1989,26.35,-0.24
10,1989,26.33,-0.22,01.10.1989,26.33,-0.22
11,1989,26.34,-0.16,01.11.1989,26.34,-0.16
12,1989,26.43,-0.05,01.12.1989,26.43,-0.05
1,1990,26.67,0.14,01.01.1990,26.67,0.14
2,1990,26.96,0.21,01.02.1990,26.96,0.21
3,1990,27.41,0.28,01.03.1990,27.41,0.28
4,1990,27.75,0.29,01.04.1990,27.75,0.29
5,1990,27.86,0.29,01.05.1990,27.86,0.29
6,1990,27.68,0.31,01.06.1990,27.68,0.31
7,1990,27.37,0.33,01.07.1990,27.37,0.33
8,1990,27.13,0.38,01.08.1990,27.13,0.38
9,1990,26.98,0.39,01.09.1990,26.98,0.39
10,1990,26.89,0.35,01.10.1990,26.89,0.35
11,1990,26.9,0.4,01.11.1990,26.9,0.4
12,1990,26.94,0.41,01.12.1990,26.94,0.41
1,1991,27.02,0.41,01.01.1991,27.02,0.41
2,1991,27.15,0.26,01.02.1991,27.15,0.26
3,1991,27.48,0.22,01.03.1991,27.48,0.22
4,1991,27.85,0.26,01.04.1991,27.85,0.26
5,1991,28.16,0.45,01.05.1991,28.16,0.45
6,1991,28.17,0.64,01.06.1991,28.17,0.64
7,1991,27.94,0.73,01.07.1991,27.94,0.73
8,1991,27.57,0.64,01.08.1991,27.57,0.64
9,1991,27.41,0.62,01.09.1991,27.41,0.62
10,1991,27.54,0.79,01.10.1991,27.54,0.79
11,1991,27.91,1.21,01.11.1991,27.91,1.21
12,1991,28.18,1.53,01.12.1991,28.18,1.53
1,1992,28.39,1.71,01.01.1992,28.39,1.71
2,1992,28.52,1.63,01.02.1992,28.52,1.63
3,1992,28.73,1.48,01.03.1992,28.73,1.48
4,1992,28.88,1.29,01.04.1992,28.88,1.29
5,1992,28.76,1.06,01.05.1992,28.76,1.06
6,1992,28.26,0.73,01.06.1992,28.26,0.73
7,1992,27.57,0.37,01.07.1992,27.57,0.37
8,1992,27.03,0.09,01.08.1992,27.03,0.09
9,1992,26.66,-0.13,01.09.1992,26.66,-0.13
10,1992,26.5,-0.25,01.10.1992,26.5,-0.25
11,1992,26.43,-0.28,01.11.1992,26.43,-0.28
12,1992,26.52,-0.13,01.12.1992,26.52,-0.13
1,1993,26.77,0.09,01.01.1993,26.77,0.09
2,1993,27.18,0.3,01.02.1993,27.18,0.3
3,1993,27.75,0.5,01.03.1993,27.75,0.5
4,1993,28.27,0.67,01.04.1993,28.27,0.67
5,1993,28.4,0.7,01.05.1993,28.4,0.7
6,1993,28.1,0.57,01.06.1993,28.1,0.57
7,1993,27.53,0.32,01.07.1993,27.53,0.32
8,1993,27.19,0.25,01.08.1993,27.19,0.25
9,1993,26.94,0.15,01.09.1993,26.94,0.15
10,1993,26.85,0.1,01.10.1993,26.85,0.1
11,1993,26.75,0.04,01.11.1993,26.75,0.04
12,1993,26.71,0.06,01.12.1993,26.71,0.06
1,1994,26.74,0.06,01.01.1994,26.74,0.06
2,1994,26.95,0.07,01.02.1994,26.95,0.07
3,1994,27.43,0.17,01.03.1994,27.43,0.17
4,1994,27.9,0.31,01.04.1994,27.9,0.31
5,1994,28.12,0.42,01.05.1994,28.12,0.42
6,1994,27.94,0.41,01.06.1994,27.94,0.41
7,1994,27.65,0.44,01.07.1994,27.65,0.44
8,1994,27.37,0.43,01.08.1994,27.37,0.43
9,1994,27.35,0.55,01.09.1994,27.35,0.55
10,1994,27.49,0.74,01.10.1994,27.49,0.74
11,1994,27.71,1.01,01.11.1994,27.71,1.01
12,1994,27.74,1.09,01.12.1994,27.74,1.09
1,1995,27.64,0.96,01.01.1995,27.64,0.96
2,1995,27.61,0.72,01.02.1995,27.61,0.72
3,1995,27.79,0.53,01.03.1995,27.79,0.53
4,1995,27.9,0.3,01.04.1995,27.9,0.3
5,1995,27.84,0.14,01.05.1995,27.84,0.14
6,1995,27.5,-0.03,01.06.1995,27.5,-0.03
7,1995,26.97,-0.24,01.07.1995,26.97,-0.24
8,1995,26.4,-0.54,01.08.1995,26.4,-0.54
9,1995,25.99,-0.81,01.09.1995,25.99,-0.81
10,1995,25.78,-0.97,01.10.1995,25.78,-0.97
11,1995,25.7,-1,01.11.1995,25.7,-1
12,1995,25.66,-0.98,01.12.1995,25.66,-0.98
1,1996,25.76,-0.9,01.01.1996,25.76,-0.9
2,1996,26.1,-0.75,01.02.1996,26.1,-0.75
3,1996,26.65,-0.59,01.03.1996,26.65,-0.59
4,1996,27.2,-0.39,01.04.1996,27.2,-0.39
5,1996,27.4,-0.31,01.05.1996,27.4,-0.31
6,1996,27.23,-0.3,01.06.1996,27.23,-0.3
7,1996,26.93,-0.27,01.07.1996,26.93,-0.27
8,1996,26.59,-0.32,01.08.1996,26.59,-0.32
9,1996,26.39,-0.35,01.09.1996,26.39,-0.35
10,1996,26.28,-0.4,01.10.1996,26.28,-0.4
11,1996,26.17,-0.45,01.11.1996,26.17,-0.45
12,1996,26.09,-0.49,01.12.1996,26.09,-0.49
1,1997,26.12,-0.5,01.01.1997,26.12,-0.5
2,1997,26.49,-0.36,01.02.1997,26.49,-0.36
3,1997,27.14,-0.1,01.03.1997,27.14,-0.1
4,1997,27.87,0.28,01.04.1997,27.87,0.28
5,1997,28.46,0.75,01.05.1997,28.46,0.75
6,1997,28.75,1.22,01.06.1997,28.75,1.22
7,1997,28.8,1.6,01.07.1997,28.8,1.6
8,1997,28.81,1.9,01.08.1997,28.81,1.9
9,1997,28.88,2.14,01.09.1997,28.88,2.14
10,1997,29.01,2.33,01.10.1997,29.01,2.33
11,1997,29.02,2.4,01.11.1997,29.02,2.4
12,1997,28.97,2.39,01.12.1997,28.97,2.39
1,1998,28.87,2.24,01.01.1998,28.87,2.24
2,1998,28.78,1.93,01.02.1998,28.78,1.93
3,1998,28.68,1.44,01.03.1998,28.68,1.44
4,1998,28.59,0.99,01.04.1998,28.59,0.99
5,1998,28.16,0.45,01.05.1998,28.16,0.45
6,1998,27.39,-0.13,01.06.1998,27.39,-0.13
7,1998,26.42,-0.78,01.07.1998,26.42,-0.78
8,1998,25.79,-1.12,01.08.1998,25.79,-1.12
9,1998,25.44,-1.31,01.09.1998,25.44,-1.31
10,1998,25.32,-1.35,01.10.1998,25.32,-1.35
11,1998,25.14,-1.48,01.11.1998,25.14,-1.48
12,1998,25.01,-1.57,01.12.1998,25.01,-1.57
1,1999,25.08,-1.55,01.01.1999,25.08,-1.55
2,1999,25.55,-1.3,01.02.1999,25.55,-1.3
3,1999,26.17,-1.07,01.03.1999,26.17,-1.07
4,1999,26.62,-0.98,01.04.1999,26.62,-0.98
5,1999,26.68,-1.02,01.05.1999,26.68,-1.02
6,1999,26.49,-1.04,01.06.1999,26.49,-1.04
7,1999,26.1,-1.1,01.07.1999,26.1,-1.1
8,1999,25.8,-1.11,01.08.1999,25.8,-1.11
9,1999,25.58,-1.16,01.09.1999,25.58,-1.16
10,1999,25.41,-1.26,01.10.1999,25.41,-1.26
11,1999,25.16,-1.46,01.11.1999,25.16,-1.46
12,1999,24.93,-1.65,01.12.1999,24.93,-1.65
1,2000,24.96,-1.66,01.01.2000,24.96,-1.66
2,2000,25.44,-1.41,01.02.2000,25.44,-1.41
3,2000,26.17,-1.07,01.03.2000,26.17,-1.07
4,2000,26.78,-0.81,01.04.2000,26.78,-0.81
5,2000,27,-0.71,01.05.2000,27,-0.71
6,2000,26.88,-0.64,01.06.2000,26.88,-0.64
7,2000,26.65,-0.55,01.07.2000,26.65,-0.55
8,2000,26.4,-0.51,01.08.2000,26.4,-0.51
9,2000,26.2,-0.55,01.09.2000,26.2,-0.55
10,2000,26.05,-0.63,01.10.2000,26.05,-0.63
11,2000,25.88,-0.75,01.11.2000,25.88,-0.75
12,2000,25.81,-0.74,01.12.2000,25.81,-0.74
1,2001,25.88,-0.68,01.01.2001,25.88,-0.68
2,2001,26.26,-0.52,01.02.2001,26.26,-0.52
3,2001,26.76,-0.44,01.03.2001,26.76,-0.44
4,2001,27.25,-0.34,01.04.2001,27.25,-0.34
5,2001,27.49,-0.25,01.05.2001,27.49,-0.25
6,2001,27.47,-0.12,01.06.2001,27.47,-0.12
7,2001,27.2,-0.08,01.07.2001,27.2,-0.08
8,2001,26.86,-0.13,01.08.2001,26.86,-0.13
9,2001,26.63,-0.19,01.09.2001,26.63,-0.19
10,2001,26.48,-0.29,01.10.2001,26.48,-0.29
11,2001,26.37,-0.35,01.11.2001,26.37,-0.35
12,2001,26.31,-0.31,01.12.2001,26.31,-0.31
1,2002,26.44,-0.15,01.01.2002,26.44,-0.15
2,2002,26.81,0.03,01.02.2002,26.81,0.03
3,2002,27.29,0.09,01.03.2002,27.29,0.09
4,2002,27.8,0.2,01.04.2002,27.8,0.2
5,2002,28.18,0.43,01.05.2002,28.18,0.43
6,2002,28.24,0.65,01.06.2002,28.24,0.65
7,2002,28.06,0.79,01.07.2002,28.06,0.79
8,2002,27.85,0.86,01.08.2002,27.85,0.86
9,2002,27.83,1.01,01.09.2002,27.83,1.01
10,2002,27.97,1.21,01.10.2002,27.97,1.21
11,2002,28.03,1.31,01.11.2002,28.03,1.31
12,2002,27.76,1.14,01.12.2002,27.76,1.14
1,2003,27.51,0.92,01.01.2003,27.51,0.92
2,2003,27.41,0.63,01.02.2003,27.41,0.63
3,2003,27.58,0.38,01.03.2003,27.58,0.38
4,2003,27.56,-0.04,01.04.2003,27.56,-0.04
5,2003,27.48,-0.26,01.05.2003,27.48,-0.26
6,2003,27.42,-0.16,01.06.2003,27.42,-0.16
7,2003,27.35,0.08,01.07.2003,27.35,0.08
8,2003,27.2,0.21,01.08.2003,27.2,0.21
9,2003,27.08,0.26,01.09.2003,27.08,0.26
10,2003,27.05,0.29,01.10.2003,27.05,0.29
11,2003,27.07,0.35,01.11.2003,27.07,0.35
12,2003,26.97,0.35,01.12.2003,26.97,0.35
1,2004,26.95,0.37,01.01.2004,26.95,0.37
2,2004,27.08,0.31,01.02.2004,27.08,0.31
3,2004,27.43,0.23,01.03.2004,27.43,0.23
4,2004,27.76,0.17,01.04.2004,27.76,0.17
5,2004,27.91,0.17,01.05.2004,27.91,0.17
6,2004,27.87,0.28,01.06.2004,27.87,0.28
7,2004,27.74,0.47,01.07.2004,27.74,0.47
8,2004,27.63,0.64,01.08.2004,27.63,0.64
9,2004,27.52,0.7,01.09.2004,27.52,0.7
10,2004,27.44,0.67,01.10.2004,27.44,0.67
11,2004,27.38,0.66,01.11.2004,27.38,0.66
12,2004,27.3,0.69,01.12.2004,27.3,0.69
1,2005,27.22,0.64,01.01.2005,27.22,0.64
2,2005,27.36,0.58,01.02.2005,27.36,0.58
3,2005,27.65,0.45,01.03.2005,27.65,0.45
4,2005,28.02,0.43,01.04.2005,28.02,0.43
5,2005,28.03,0.29,01.05.2005,28.03,0.29
6,2005,27.69,0.11,01.06.2005,27.69,0.11
7,2005,27.21,-0.06,01.07.2005,27.21,-0.06
8,2005,26.85,-0.14,01.08.2005,26.85,-0.14
9,2005,26.71,-0.11,01.09.2005,26.71,-0.11
10,2005,26.48,-0.29,01.10.2005,26.48,-0.29
11,2005,26.15,-0.57,01.11.2005,26.15,-0.57
12,2005,25.81,-0.84,01.12.2005,25.81,-0.84
1,2006,25.8,-0.85,01.01.2006,25.8,-0.85
2,2006,26.1,-0.77,01.02.2006,26.1,-0.77
3,2006,26.73,-0.57,01.03.2006,26.73,-0.57
4,2006,27.31,-0.37,01.04.2006,27.31,-0.37
5,2006,27.69,-0.14,01.05.2006,27.69,-0.14
6,2006,27.62,-0.03,01.06.2006,27.62,-0.03
7,2006,27.4,0.1,01.07.2006,27.4,0.1
8,2006,27.26,0.3,01.08.2006,27.26,0.3
9,2006,27.3,0.54,01.09.2006,27.3,0.54
10,2006,27.48,0.77,01.10.2006,27.48,0.77
11,2006,27.62,0.94,01.11.2006,27.62,0.94
12,2006,27.56,0.94,01.12.2006,27.56,0.94
1,2007,27.3,0.66,01.01.2007,27.3,0.66
2,2007,27.09,0.22,01.02.2007,27.09,0.22
3,2007,27.18,-0.12,01.03.2007,27.18,-0.12
4,2007,27.37,-0.32,01.04.2007,27.37,-0.32
5,2007,27.45,-0.38,01.05.2007,27.45,-0.38
6,2007,27.18,-0.47,01.06.2007,27.18,-0.47
7,2007,26.74,-0.56,01.07.2007,26.74,-0.56
8,2007,26.15,-0.81,01.08.2007,26.15,-0.81
9,2007,25.69,-1.07,01.09.2007,25.69,-1.07
10,2007,25.37,-1.34,01.10.2007,25.37,-1.34
11,2007,25.17,-1.5,01.11.2007,25.17,-1.5
12,2007,25.02,-1.6,01.12.2007,25.02,-1.6
1,2008,25,-1.64,01.01.2008,25,-1.64
2,2008,25.35,-1.52,01.02.2008,25.35,-1.52
3,2008,26.01,-1.29,01.03.2008,26.01,-1.29
4,2008,26.67,-1.01,01.04.2008,26.67,-1.01
5,2008,26.99,-0.84,01.05.2008,26.99,-0.84
6,2008,27.04,-0.61,01.06.2008,27.04,-0.61
7,2008,26.92,-0.37,01.07.2008,26.92,-0.37
8,2008,26.73,-0.23,01.08.2008,26.73,-0.23
9,2008,26.52,-0.24,01.09.2008,26.52,-0.24
10,2008,26.36,-0.35,01.10.2008,26.36,-0.35
11,2008,26.12,-0.55,01.11.2008,26.12,-0.55
12,2008,25.88,-0.73,01.12.2008,25.88,-0.73
1,2009,25.79,-0.85,01.01.2009,25.79,-0.85
2,2009,26.08,-0.79,01.02.2009,26.08,-0.79
3,2009,26.68,-0.61,01.03.2009,26.68,-0.61
4,2009,27.36,-0.33,01.04.2009,27.36,-0.33
5,2009,27.84,0.01,01.05.2009,27.84,0.01
6,2009,27.94,0.28,01.06.2009,27.94,0.28
7,2009,27.75,0.45,01.07.2009,27.75,0.45
8,2009,27.53,0.58,01.08.2009,27.53,0.58
9,2009,27.47,0.71,01.09.2009,27.47,0.71
10,2009,27.72,1.01,01.10.2009,27.72,1.01
11,2009,28.03,1.36,01.11.2009,28.03,1.36
12,2009,28.18,1.56,01.12.2009,28.18,1.56
1,2010,28.14,1.5,01.01.2010,28.14,1.5
2,2010,28.09,1.22,01.02.2010,28.09,1.22
3,2010,28.14,0.84,01.03.2010,28.14,0.84
4,2010,28.04,0.35,01.04.2010,28.04,0.35
5,2010,27.66,-0.17,01.05.2010,27.66,-0.17
6,2010,27,-0.66,01.06.2010,27,-0.66
7,2010,26.25,-1.05,01.07.2010,26.25,-1.05
8,2010,25.61,-1.35,01.08.2010,25.61,-1.35
9,2010,25.21,-1.56,01.09.2010,25.21,-1.56
10,2010,25.07,-1.64,01.10.2010,25.07,-1.64
11,2010,25.03,-1.64,01.11.2010,25.03,-1.64
12,2010,25.02,-1.59,01.12.2010,25.02,-1.59
1,2011,25.22,-1.42,01.01.2011,25.22,-1.42
2,2011,25.68,-1.19,01.02.2011,25.68,-1.19
3,2011,26.37,-0.93,01.03.2011,26.37,-0.93
4,2011,26.95,-0.73,01.04.2011,26.95,-0.73
5,2011,27.28,-0.55,01.05.2011,27.28,-0.55
6,2011,27.21,-0.44,01.06.2011,27.21,-0.44
7,2011,26.81,-0.48,01.07.2011,26.81,-0.48
8,2011,26.33,-0.62,01.08.2011,26.33,-0.62
9,2011,25.93,-0.83,01.09.2011,25.93,-0.83
10,2011,25.7,-1.01,01.10.2011,25.7,-1.01
11,2011,25.58,-1.09,01.11.2011,25.58,-1.09
12,2011,25.58,-1.04,01.12.2011,25.58,-1.04
1,2012,25.77,-0.86,01.01.2012,25.77,-0.86
2,2012,26.15,-0.72,01.02.2012,26.15,-0.72
3,2012,26.71,-0.59,01.03.2012,26.71,-0.59
4,2012,27.21,-0.47,01.04.2012,27.21,-0.47
5,2012,27.57,-0.26,01.05.2012,27.57,-0.26
6,2012,27.64,-0.01,01.06.2012,27.64,-0.01
7,2012,27.54,0.25,01.07.2012,27.54,0.25
8,2012,27.32,0.37,01.08.2012,27.32,0.37
9,2012,27.13,0.37,01.09.2012,27.13,0.37
10,2012,26.98,0.27,01.10.2012,26.98,0.27
11,2012,26.73,0.05,01.11.2012,26.73,0.05
12,2012,26.41,-0.21,01.12.2012,26.41,-0.21
1,2013,26.21,-0.43,01.01.2013,26.21,-0.43
2,2013,26.44,-0.43,01.02.2013,26.44,-0.43
3,2013,26.96,-0.34,01.03.2013,26.96,-0.34
4,2013,27.38,-0.3,01.04.2013,27.38,-0.3
5,2013,27.47,-0.36,01.05.2013,27.47,-0.36
6,2013,27.24,-0.41,01.06.2013,27.24,-0.41
7,2013,26.89,-0.4,01.07.2013,26.89,-0.4
8,2013,26.64,-0.32,01.08.2013,26.64,-0.32
9,2013,26.51,-0.26,01.09.2013,26.51,-0.26
10,2013,26.54,-0.18,01.10.2013,26.54,-0.18
11,2013,26.5,-0.17,01.11.2013,26.5,-0.17
12,2013,26.35,-0.27,01.12.2013,26.35,-0.27
1,2014,26.22,-0.42,01.01.2014,26.22,-0.42
2,2014,26.41,-0.46,01.02.2014,26.41,-0.46
3,2014,27.03,-0.27,01.03.2014,27.03,-0.27
4,2014,27.73,0.04,01.04.2014,27.73,0.04
5,2014,28.04,0.21,01.05.2014,28.04,0.21
6,2014,27.82,0.16,01.06.2014,27.82,0.16
7,2014,27.34,0.05,01.07.2014,27.34,0.05
8,2014,27.02,0.07,01.08.2014,27.02,0.07
9,2014,27,0.23,01.09.2014,27,0.23
10,2014,27.21,0.49,01.10.2014,27.21,0.49
11,2014,27.31,0.64,01.11.2014,27.31,0.64
12,2014,27.28,0.66,01.12.2014,27.28,0.66
1,2015,27.19,0.55,01.01.2015,27.19,0.55
2,2015,27.34,0.47,01.02.2015,27.34,0.47
3,2015,27.82,0.53,01.03.2015,27.82,0.53
4,2015,28.38,0.7,01.04.2015,28.38,0.7
5,2015,28.76,0.93,01.05.2015,28.76,0.93
6,2015,28.83,1.18,01.06.2015,28.83,1.18
7,2015,28.81,1.52,01.07.2015,28.81,1.52
8,2015,28.82,1.86,01.08.2015,28.82,1.86
9,2015,28.93,2.16,01.09.2015,28.93,2.16
10,2015,29.14,2.42,01.10.2015,29.14,2.42
11,2015,29.25,2.57,01.11.2015,29.25,2.57
12,2015,29.26,2.64,01.12.2015,29.26,2.64
1,2016,29.12,2.48,01.01.2016,29.12,2.48
2,2016,29.01,2.14,01.02.2016,29.01,2.14
3,2016,28.88,1.58,01.03.2016,28.88,1.58
4,2016,28.62,0.94,01.04.2016,28.62,0.94
5,2016,28.22,0.39,01.05.2016,28.22,0.39
6,2016,27.59,-0.07,01.06.2016,27.59,-0.07
7,2016,26.93,-0.36,01.07.2016,26.93,-0.36
8,2016,26.42,-0.54,01.08.2016,26.42,-0.54
9,2016,26.14,-0.63,01.09.2016,26.14,-0.63
10,2016,26.02,-0.69,01.10.2016,26.02,-0.69
11,2016,26.01,-0.67,01.11.2016,26.01,-0.67
12,2016,26.06,-0.56,01.12.2016,26.06,-0.56
1,2017,26.3,-0.34,01.01.2017,26.3,-0.34
2,2017,26.71,-0.16,01.02.2017,26.71,-0.16
3,2017,27.35,0.05,01.03.2017,27.35,0.05
4,2017,27.89,0.2,01.04.2017,27.89,0.2
5,2017,28.13,0.3,01.05.2017,28.13,0.3
6,2017,27.97,0.31,01.06.2017,27.97,0.31
7,2017,27.43,0.14,01.07.2017,27.43,0.14
8,2017,26.84,-0.11,01.08.2017,26.84,-0.11
9,2017,26.38,-0.38,01.09.2017,26.38,-0.38
10,2017,26.06,-0.65,01.10.2017,26.06,-0.65
11,2017,25.84,-0.84,01.11.2017,25.84,-0.84
12,2017,25.64,-0.97,01.12.2017,25.64,-0.97
1,2018,25.72,-0.92,01.01.2018,25.72,-0.92
2,2018,26.02,-0.85,01.02.2018,26.02,-0.85
3,2018,26.6,-0.7,01.03.2018,26.6,-0.7
4,2018,27.18,-0.5,01.04.2018,27.18,-0.5
5,2018,27.61,-0.22,01.05.2018,27.61,-0.22
6,2018,27.64,-0.01,01.06.2018,27.64,-0.01
7,2018,27.38,0.09,01.07.2018,27.38,0.09
8,2018,27.18,0.23,01.08.2018,27.18,0.23
9,2018,27.25,0.49,01.09.2018,27.25,0.49
10,2018,27.47,0.76,01.10.2018,27.47,0.76
11,2018,27.57,0.9,01.11.2018,27.57,0.9
12,2018,27.43,0.81,01.12.2018,27.43,0.81
1,2019,27.39,0.75,01.01.2019,27.39,0.75
2,2019,27.59,0.72,01.02.2019,27.59,0.72
3,2019,28.01,0.71,01.03.2019,28.01,0.71
4,2019,28.34,0.66,01.04.2019,28.34,0.66
5,2019,28.37,0.54,01.05.2019,28.37,0.54
6,2019,28.1,0.45,01.06.2019,28.1,0.45
7,2019,27.57,0.28,01.07.2019,27.57,0.28
8,2019,27.1,0.14,01.08.2019,27.1,0.14
9,2019,26.95,0.19,01.09.2019,26.95,0.19
10,2019,27.06,0.35,01.10.2019,27.06,0.35
11,2019,27.18,0.51,01.11.2019,27.18,0.51
12,2019,27.17,0.55,01.12.2019,27.17,0.55
1,2020,27.14,0.5,01.01.2020,27.14,0.5
2,2020,27.35,0.48,01.02.2020,27.35,0.48
3,2020,27.7,0.4,01.03.2020,27.7,0.4
4,2020,27.87,0.19,01.04.2020,27.87,0.19
5,2020,27.75,-0.08,01.05.2020,27.75,-0.08
6,2020,27.35,-0.3,01.06.2020,27.35,-0.3
7,2020,26.88,-0.41,01.07.2020,26.88,-0.41
8,2020,26.38,-0.57,01.08.2020,26.38,-0.57
9,2020,25.87,-0.89,01.09.2020,25.87,-0.89
10,2020,25.54,-1.17,01.10.2020,25.54,-1.17
11,2020,25.4,-1.27,01.11.2020,25.4,-1.27
12,2020,25.43,-1.19,01.12.2020,25.43,-1.19
1,2021,25.59,-1.05,01.01.2021,25.59,-1.05
2,2021,25.94,-0.93,01.02.2021,25.94,-0.93
3,2021,26.46,-0.84,01.03.2021,26.46,-0.84
4,2021,27.03,-0.66,01.04.2021,27.03,-0.66
5,2021,27.35,-0.48,01.05.2021,27.35,-0.48
6,2021,27.28,-0.38,01.06.2021,27.28,-0.38
7,2021,26.89,-0.4,01.07.2021,26.89,-0.4
8,2021,26.46,-0.49,01.08.2021,26.46,-0.49
9,2021,26.09,-0.67,01.09.2021,26.09,-0.67
10,2021,25.9,-0.81,01.10.2021,25.9,-0.81
11,2021,25.69,-0.98,01.11.2021,25.69,-0.98
12,2021,25.63,-0.98,01.12.2021,25.63,-0.98
1,2022,25.67,-0.97,01.01.2022,25.67,-0.97
2,2022,25.94,-0.93,01.02.2022,25.94,-0.93
3,2022,26.31,-0.99,01.03.2022,26.31,-0.99
4,2022,26.62,-1.06,01.04.2022,26.62,-1.06
5,2022,26.84,-0.99,01.05.2022,26.84,-0.99
6,2022,26.8,-0.85,01.06.2022,26.8,-0.85
7,2022,26.48,-0.81,01.07.2022,26.48,-0.81
8,2022,26.04,-0.91,01.08.2022,26.04,-0.91
9,2022,25.75,-1.01,01.09.2022,25.75,-1.01
10,2022,25.72,-0.99,01.10.2022,25.72,-0.99
11,2022,25.76,-0.92,01.11.2022,25.76,-0.92
12,2022,25.79,-0.83,01.12.2022,25.79,-0.83
1,2023,25.96,-0.68,01.01.2023,25.96,-0.68
2,2023,26.44,-0.43,01.02.2023,26.44,-0.43
3,2023,27.15,-0.15,01.03.2023,27.15,-0.15
4,2023,27.85,0.16,01.04.2023,27.85,0.16
5,2023,28.31,0.48,01.05.2023,28.31,0.48
6,2023,28.42,0.77,01.06.2023,28.42,0.77
7,2023,28.36,1.07,01.07.2023,28.36,1.07
8,2023,28.28,1.32,01.08.2023,28.28,1.32
9,2023,28.32,1.56,01.09.2023,28.32,1.56
10,2023,28.49,1.78,01.10.2023,28.49,1.78
11,2023,28.6,1.92,01.11.2023,28.6,1.92
12,2023,28.57,1.95,01.12.2023,28.57,1.95
1,2024,28.43,1.79,01.01.2024,28.43,1.79
2,2024,28.36,1.49,01.02.2024,28.36,1.49
3,2024,28.43,1.14,01.03.2024,28.43,1.14
4,2024,28.4,0.71,01.04.2024,28.4,0.71
5,2024,28.23,0.4,01.05.2024,28.23,0.4
6,2024,27.81,0.15,01.06.2024,27.81,0.15
7,2024,27.33,0.04,01.07.2024,27.33,0.04
8,2024,26.84,-0.11,01.08.2024,26.84,-0.11
,,,,,,
,,,,,,
,,,,,,
,,,,,,
,,,,,,
,,,,,,
,,,,,,
,,,,,,
,,,,,,
,,,,,,
,,,,,,
,,,,,,
,,,,,,
,,,,,,
,,,,,,
,,,,,,
,,,,,,
,,,,,,
,,,,,,
,,,,,,
,,,,,,
,,,,,,
,,,,,,
,,,,,,
,,,,,,
,,,,,,
,,,,,,
,,,,,,
,,,,,,
,,,,,,
,,,,,,
,,,,,,
,,,,,,
,,,,,,
,,,,,,
,,,,,,
,,,,,,
,,,,,,
,,,,,,
,,,,,,
,,,,,,
,,,,,,
,,,,,,
,,,,,,
,,,,,,
,,,,,,
,,,,,,
,,,,,,
,,,,,,
,,,,,,
,,,,,,
,,,,,,
,,,,,,
,,,,,,
,,,,,,
,,,,,,
,,,,,,
,,,,,,
,,,,,,
,,,,,,
,,,,,,
,,,,,,
,,,,,,
,,,,,,
,,,,,,
,,,,,,
,,,,,,
,,,,,,
,,,,,,
,,,,,,
,,,,,,
,,,,,,
,,,,,,
,,,,,,
,,,,,,
,,,,,,
,,,,,,
,,,,,,
,,,,,,
,,,,,,
,,,,,,
,,,,,,
,,,,,,
,,,,,,
,,,,,,
,,,,,,
,,,,,,
,,,,,,
,,,,,,
,,,,,,
,,,,,,
,,,,,,
,,,,,,
,,,,,,
,,,,,,
,,,,,,
,,,,,,
,,,,,,
,,,,,,
,,,,,,
,,,,,,
,,,,,,
,,,,,,
,,,,,,
,,,,,,
,,,,,,
,,,,,,
,,,,,,
,,,,,,
,,,,,,
,,,,,,